1,1,5,3,5,Sunday,0
2,1,5,2,6,Monday,0
3,1,4,7,6,Tuesday,0
4,1,1,5,7,Wednesday,0
5,1,1,7,3,Thursday,0
6,1,2,2,2,Friday,0
7,1,7,6,5,Saturday,0
1,1,6,7,5,Sunday,1
2,1,1,2,6,Monday,1
3,1,1,2,7,Tuesday,1
4,1,2,7,7,Wednesday,1
5,1,2,6,5,Thursday,1
6,1,6,7,4,Friday,1
7,1,2,7,1,Saturday,1
8,2,4,2,1,Sunday,0
9,2,4,4,6,Monday,0
10,2,2,7,2,Tuesday,0
11,2,1,5,1,Wednesday,0
12,2,1,6,4,Thursday,0
13,2,7,5,1,Friday,0
14,2,1,4,5,Saturday,0
8,2,7,7,6,Sunday,1
9,2,1,6,1,Monday,1
10,2,5,3,2,Tuesday,1
11,2,6,6,6,Wednesday,1
12,2,5,3,6,Thursday,1
13,2,5,4,5,Friday,1
14,2,7,6,3,Saturday,1
15,3,6,1,2,Sunday,0
16,3,6,1,1,Monday,0
17,3,1,7,3,Tuesday,0
18,3,4,2,3,Wednesday,0
19,3,3,5,2,Thursday,0
20,3,3,3,6,Friday,0
21,3,6,4,4,Saturday,0
15,3,7,2,6,Sunday,1
16,3,2,4,4,Monday,1
17,3,5,2,1,Tuesday,1
18,3,3,1,5,Wednesday,1
19,3,3,1,6,Thursday,1
20,3,4,2,5,Friday,1
21,3,1,4,4,Saturday,1
22,4,7,2,5,Sunday,0
23,4,3,2,6,Monday,0
24,4,5,3,1,Tuesday,0
25,4,7,2,3,Wednesday,0
26,4,6,7,7,Thursday,0
27,4,4,5,5,Friday,0
28,4,5,4,5,Saturday,0
22,4,3,2,1,Sunday,1
23,4,6,1,4,Monday,1
24,4,3,6,2,Tuesday,1
25,4,1,6,7,Wednesday,1
26,4,1,7,7,Thursday,1
27,4,2,6,2,Friday,1
28,4,5,1,6,Saturday,1
29,5,7,3,7,Sunday,0
30,5,2,5,2,Monday,0
31,5,7,1,5,Tuesday,0
32,5,7,3,1,Wednesday,0
33,5,7,5,1,Thursday,0
34,5,4,5,2,Friday,0
35,5,2,2,5,Saturday,0
29,5,7,6,3,Sunday,1
30,5,4,6,7,Monday,1
31,5,7,2,6,Tuesday,1
32,5,4,7,4,Wednesday,1
33,5,6,3,6,Thursday,1
34,5,2,4,3,Friday,1
35,5,3,3,6,Saturday,1
36,6,4,2,3,Sunday,0
37,6,6,1,3,Monday,0
38,6,7,6,2,Tuesday,0
39,6,7,4,6,Wednesday,0
40,6,2,7,5,Thursday,0
41,6,4,6,6,Friday,0
42,6,2,1,6,Saturday,0
36,6,7,4,3,Sunday,1
37,6,5,1,2,Monday,1
38,6,3,2,1,Tuesday,1
39,6,6,6,7,Wednesday,1
40,6,6,4,5,Thursday,1
41,6,7,5,5,Friday,1
42,6,4,1,4,Saturday,1
43,7,5,5,4,Sunday,0
44,7,5,5,3,Monday,0
45,7,1,6,5,Tuesday,0
46,7,4,1,2,Wednesday,0
47,7,7,5,5,Thursday,0
48,7,7,2,1,Friday,0
49,7,1,4,4,Saturday,0
43,7,1,1,5,Sunday,1
44,7,7,4,4,Monday,1
45,7,7,4,2,Tuesday,1
46,7,2,5,1,Wednesday,1
47,7,3,2,7,Thursday,1
48,7,7,7,4,Friday,1
49,7,6,2,4,Saturday,1
50,8,4,2,5,Sunday,0
51,8,5,6,6,Monday,0
52,8,7,7,4,Tuesday,0
53,8,4,4,4,Wednesday,0
54,8,7,5,4,Thursday,0
55,8,6,6,1,Friday,0
56,8,7,2,2,Saturday,0
50,8,4,3,4,Sunday,1
51,8,2,5,3,Monday,1
52,8,6,1,2,Tuesday,1
53,8,5,2,3,Wednesday,1
54,8,7,5,6,Thursday,1
55,8,1,2,5,Friday,1
56,8,5,1,4,Saturday,1
57,9,6,6,2,Sunday,0
58,9,5,3,5,Monday,0
59,9,3,2,2,Tuesday,0
60,9,3,7,1,Wednesday,0
61,9,2,7,7,Thursday,0
62,9,2,4,2,Friday,0
63,9,3,2,7,Saturday,0
57,9,2,7,2,Sunday,1
58,9,2,1,7,Monday,1
59,9,6,6,4,Tuesday,1
60,9,4,2,1,Wednesday,1
61,9,6,6,4,Thursday,1
62,9,2,4,2,Friday,1
63,9,6,4,6,Saturday,1
64,10,1,2,3,Sunday,0
65,10,2,6,5,Monday,0
66,10,6,6,6,Tuesday,0
67,10,4,2,6,Wednesday,0
68,10,4,4,6,Thursday,0
69,10,7,4,3,Friday,0
70,10,5,5,4,Saturday,0
64,10,5,7,6,Sunday,1
65,10,7,4,1,Monday,1
66,10,3,7,7,Tuesday,1
67,10,7,5,6,Wednesday,1
68,10,2,2,5,Thursday,1
69,10,7,7,3,Friday,1
70,10,3,7,7,Saturday,1
71,11,6,7,7,Sunday,0
72,11,3,3,3,Monday,0
73,11,6,3,1,Tuesday,0
74,11,7,1,6,Wednesday,0
75,11,2,3,3,Thursday,0
76,11,5,3,3,Friday,0
77,11,5,3,6,Saturday,0
71,11,6,5,4,Sunday,1
72,11,1,2,3,Monday,1
73,11,2,7,4,Tuesday,1
74,11,1,3,5,Wednesday,1
75,11,4,7,1,Thursday,1
76,11,6,5,1,Friday,1
77,11,6,5,5,Saturday,1
78,12,7,7,5,Sunday,0
79,12,7,7,6,Monday,0
80,12,3,3,5,Tuesday,0
81,12,7,6,4,Wednesday,0
82,12,2,7,3,Thursday,0
83,12,3,2,1,Friday,0
84,12,7,4,3,Saturday,0
78,12,4,7,5,Sunday,1
79,12,2,6,4,Monday,1
80,12,3,6,5,Tuesday,1
81,12,2,6,5,Wednesday,1
82,12,2,7,5,Thursday,1
83,12,7,2,3,Friday,1
84,12,5,6,5,Saturday,1
85,13,7,1,5,Sunday,0
86,13,1,3,7,Monday,0
87,13,5,3,4,Tuesday,0
88,13,1,7,2,Wednesday,0
89,13,2,3,1,Thursday,0
90,13,7,6,2,Friday,0
91,13,2,1,5,Saturday,0
85,13,7,6,7,Sunday,1
86,13,6,1,1,Monday,1
87,13,5,4,1,Tuesday,1
88,13,5,3,5,Wednesday,1
89,13,6,5,7,Thursday,1
90,13,1,1,3,Friday,1
91,13,5,5,3,Saturday,1
92,14,2,1,7,Sunday,0
93,14,4,7,5,Monday,0
94,14,5,7,4,Tuesday,0
95,14,1,3,6,Wednesday,0
96,14,1,7,2,Thursday,0
97,14,5,2,3,Friday,0
98,14,7,7,7,Saturday,0
92,14,3,3,4,Sunday,1
93,14,4,4,6,Monday,1
94,14,1,7,5,Tuesday,1
95,14,7,5,3,Wednesday,1
96,14,2,6,6,Thursday,1
97,14,1,3,1,Friday,1
98,14,3,1,4,Saturday,1
99,15,5,5,7,Sunday,0
100,15,7,6,5,Monday,0
101,15,5,3,6,Tuesday,0
102,15,7,6,5,Wednesday,0
103,15,4,6,5,Thursday,0
104,15,3,1,3,Friday,0
105,15,7,4,1,Saturday,0
99,15,6,2,6,Sunday,1
100,15,3,6,2,Monday,1
101,15,3,5,7,Tuesday,1
102,15,2,4,7,Wednesday,1
103,15,4,6,6,Thursday,1
104,15,4,4,5,Friday,1
105,15,1,4,4,Saturday,1
106,16,6,7,6,Sunday,0
107,16,6,6,1,Monday,0
108,16,2,5,2,Tuesday,0
109,16,6,4,5,Wednesday,0
110,16,4,6,4,Thursday,0
111,16,2,5,7,Friday,0
112,16,4,3,5,Saturday,0
106,16,6,6,2,Sunday,1
107,16,6,7,7,Monday,1
108,16,6,7,5,Tuesday,1
109,16,5,6,1,Wednesday,1
110,16,4,7,2,Thursday,1
111,16,7,5,1,Friday,1
112,16,1,2,1,Saturday,1
113,17,6,4,1,Sunday,0
114,17,3,7,7,Monday,0
115,17,3,2,7,Tuesday,0
116,17,6,5,1,Wednesday,0
117,17,6,7,2,Thursday,0
118,17,5,7,6,Friday,0
119,17,1,3,6,Saturday,0
113,17,4,1,5,Sunday,1
114,17,4,1,7,Monday,1
115,17,2,3,7,Tuesday,1
116,17,7,3,1,Wednesday,1
117,17,5,1,2,Thursday,1
118,17,2,4,1,Friday,1
119,17,7,4,5,Saturday,1
120,18,5,7,2,Sunday,0
121,18,7,5,7,Monday,0
122,18,1,3,5,Tuesday,0
123,18,3,1,6,Wednesday,0
124,18,2,2,4,Thursday,0
125,18,3,6,7,Friday,0
126,18,1,2,7,Saturday,0
120,18,7,7,2,Sunday,1
121,18,1,1,7,Monday,1
122,18,7,4,4,Tuesday,1
123,18,5,1,7,Wednesday,1
124,18,2,6,1,Thursday,1
125,18,4,5,3,Friday,1
126,18,1,1,1,Saturday,1
127,19,3,4,3,Sunday,0
128,19,2,4,6,Monday,0
129,19,6,6,5,Tuesday,0
130,19,1,7,2,Wednesday,0
131,19,5,6,1,Thursday,0
132,19,7,7,4,Friday,0
133,19,7,2,6,Saturday,0
127,19,1,5,7,Sunday,1
128,19,7,1,3,Monday,1
129,19,3,6,2,Tuesday,1
130,19,4,1,2,Wednesday,1
131,19,7,4,3,Thursday,1
132,19,7,6,5,Friday,1
133,19,1,2,5,Saturday,1
134,20,6,5,2,Sunday,0
135,20,6,4,1,Monday,0
136,20,1,4,6,Tuesday,0
137,20,7,1,7,Wednesday,0
138,20,2,3,7,Thursday,0
139,20,3,3,4,Friday,0
140,20,3,3,1,Saturday,0
134,20,4,4,7,Sunday,1
135,20,1,5,2,Monday,1
136,20,5,1,1,Tuesday,1
137,20,7,6,7,Wednesday,1
138,20,2,2,1,Thursday,1
139,20,6,2,4,Friday,1
140,20,3,3,3,Saturday,1
141,21,3,5,1,Sunday,0
142,21,2,6,2,Monday,0
143,21,3,5,3,Tuesday,0
144,21,2,6,7,Wednesday,0
145,21,5,2,1,Thursday,0
146,21,2,5,7,Friday,0
147,21,7,3,4,Saturday,0
141,21,5,1,2,Sunday,1
142,21,7,7,1,Monday,1
143,21,7,4,2,Tuesday,1
144,21,1,1,7,Wednesday,1
145,21,5,1,6,Thursday,1
146,21,7,6,7,Friday,1
147,21,7,3,4,Saturday,1
148,22,5,5,1,Sunday,0
149,22,1,5,7,Monday,0
150,22,7,5,4,Tuesday,0
151,22,5,3,1,Wednesday,0
152,22,6,6,5,Thursday,0
153,22,6,3,6,Friday,0
154,22,2,4,1,Saturday,0
148,22,2,2,5,Sunday,1
149,22,7,7,2,Monday,1
150,22,2,3,6,Tuesday,1
151,22,7,7,1,Wednesday,1
152,22,1,7,3,Thursday,1
153,22,1,6,2,Friday,1
154,22,1,7,7,Saturday,1
155,23,5,3,5,Sunday,0
156,23,6,7,3,Monday,0
157,23,2,1,3,Tuesday,0
158,23,1,6,6,Wednesday,0
159,23,3,4,4,Thursday,0
160,23,4,2,6,Friday,0
161,23,6,6,2,Saturday,0
155,23,5,5,4,Sunday,1
156,23,1,6,6,Monday,1
157,23,3,6,5,Tuesday,1
158,23,5,2,4,Wednesday,1
159,23,1,4,6,Thursday,1
160,23,7,1,7,Friday,1
161,23,6,1,3,Saturday,1
162,24,3,7,1,Sunday,0
163,24,2,5,4,Monday,0
164,24,6,5,5,Tuesday,0
165,24,3,2,2,Wednesday,0
166,24,6,7,6,Thursday,0
167,24,2,6,1,Friday,0
168,24,4,6,3,Saturday,0
162,24,6,4,5,Sunday,1
163,24,3,3,7,Monday,1
164,24,6,4,1,Tuesday,1
165,24,6,1,6,Wednesday,1
166,24,7,2,6,Thursday,1
167,24,3,6,2,Friday,1
168,24,3,4,1,Saturday,1
169,25,1,2,7,Sunday,0
170,25,2,3,4,Monday,0
171,25,7,6,2,Tuesday,0
172,25,7,2,2,Wednesday,0
173,25,7,5,3,Thursday,0
174,25,4,7,2,Friday,0
175,25,4,1,2,Saturday,0
169,25,4,4,2,Sunday,1
170,25,4,6,5,Monday,1
171,25,1,6,1,Tuesday,1
172,25,7,2,2,Wednesday,1
173,25,2,5,2,Thursday,1
174,25,5,1,7,Friday,1
175,25,3,6,5,Saturday,1
176,26,6,7,6,Sunday,0
177,26,4,7,5,Monday,0
178,26,3,7,7,Tuesday,0
179,26,7,6,4,Wednesday,0
180,26,7,4,5,Thursday,0
181,26,6,6,4,Friday,0
182,26,6,7,1,Saturday,0
176,26,2,7,1,Sunday,1
177,26,7,6,7,Monday,1
178,26,2,6,6,Tuesday,1
179,26,3,2,3,Wednesday,1
180,26,4,6,5,Thursday,1
181,26,4,1,7,Friday,1
182,26,1,5,6,Saturday,1
183,27,1,7,4,Sunday,0
184,27,6,3,2,Monday,0
185,27,5,7,3,Tuesday,0
186,27,3,4,6,Wednesday,0
187,27,5,4,1,Thursday,0
188,27,6,4,2,Friday,0
189,27,5,2,2,Saturday,0
183,27,1,5,5,Sunday,1
184,27,2,3,6,Monday,1
185,27,1,3,5,Tuesday,1
186,27,5,6,3,Wednesday,1
187,27,2,1,7,Thursday,1
188,27,4,2,3,Friday,1
189,27,6,4,6,Saturday,1
190,28,4,7,5,Sunday,0
191,28,4,7,2,Monday,0
192,28,4,6,4,Tuesday,0
193,28,5,4,4,Wednesday,0
194,28,5,7,3,Thursday,0
195,28,7,5,7,Friday,0
196,28,3,4,5,Saturday,0
190,28,5,6,6,Sunday,1
191,28,4,3,3,Monday,1
192,28,1,2,2,Tuesday,1
193,28,6,6,5,Wednesday,1
194,28,3,5,6,Thursday,1
195,28,7,5,3,Friday,1
196,28,4,4,4,Saturday,1
197,29,1,7,2,Sunday,0
198,29,7,4,2,Monday,0
199,29,5,5,4,Tuesday,0
200,29,4,3,1,Wednesday,0
201,29,1,7,1,Thursday,0
202,29,6,1,5,Friday,0
203,29,6,4,4,Saturday,0
197,29,3,7,5,Sunday,1
198,29,6,3,3,Monday,1
199,29,5,7,1,Tuesday,1
200,29,4,7,1,Wednesday,1
201,29,1,4,6,Thursday,1
202,29,4,5,6,Friday,1
203,29,2,3,4,Saturday,1
204,30,5,3,4,Sunday,0
205,30,5,2,6,Monday,0
206,30,5,2,5,Tuesday,0
207,30,6,6,7,Wednesday,0
208,30,1,6,1,Thursday,0
209,30,5,1,2,Friday,0
210,30,6,1,5,Saturday,0
204,30,4,7,4,Sunday,1
205,30,7,7,3,Monday,1
206,30,3,3,3,Tuesday,1
207,30,6,5,2,Wednesday,1
208,30,7,5,4,Thursday,1
209,30,2,2,1,Friday,1
210,30,4,7,6,Saturday,1
211,31,3,6,1,Sunday,0
212,31,1,1,5,Monday,0
213,31,5,7,4,Tuesday,0
214,31,5,4,2,Wednesday,0
215,31,6,1,4,Thursday,0
216,31,7,5,3,Friday,0
217,31,3,2,7,Saturday,0
211,31,2,1,2,Sunday,1
212,31,6,1,2,Monday,1
213,31,5,3,7,Tuesday,1
214,31,2,2,1,Wednesday,1
215,31,7,2,2,Thursday,1
216,31,3,7,7,Friday,1
217,31,6,5,3,Saturday,1
218,32,7,2,2,Sunday,0
219,32,7,1,4,Monday,0
220,32,1,3,4,Tuesday,0
221,32,6,2,6,Wednesday,0
222,32,7,2,5,Thursday,0
223,32,7,2,1,Friday,0
224,32,3,1,4,Saturday,0
218,32,5,3,2,Sunday,1
219,32,2,7,7,Monday,1
220,32,3,4,6,Tuesday,1
221,32,3,5,5,Wednesday,1
222,32,4,3,7,Thursday,1
223,32,1,7,7,Friday,1
224,32,6,4,1,Saturday,1
225,33,4,4,1,Sunday,0
226,33,3,1,7,Monday,0
227,33,4,3,6,Tuesday,0
228,33,6,3,4,Wednesday,0
229,33,7,3,6,Thursday,0
230,33,7,6,2,Friday,0
231,33,4,5,6,Saturday,0
225,33,6,3,4,Sunday,1
226,33,1,4,7,Monday,1
227,33,6,7,2,Tuesday,1
228,33,1,5,4,Wednesday,1
229,33,3,1,7,Thursday,1
230,33,1,6,6,Friday,1
231,33,7,6,1,Saturday,1
232,34,1,5,2,Sunday,0
233,34,1,4,7,Monday,0
234,34,1,1,2,Tuesday,0
235,34,5,2,7,Wednesday,0
236,34,3,5,1,Thursday,0
237,34,4,2,5,Friday,0
238,34,1,5,3,Saturday,0
232,34,4,5,6,Sunday,1
233,34,1,4,2,Monday,1
234,34,6,6,7,Tuesday,1
235,34,3,4,6,Wednesday,1
236,34,5,6,6,Thursday,1
237,34,3,1,7,Friday,1
238,34,7,5,7,Saturday,1
239,35,1,4,3,Sunday,0
240,35,5,1,4,Monday,0
241,35,7,5,4,Tuesday,0
242,35,2,7,2,Wednesday,0
243,35,6,4,7,Thursday,0
244,35,4,7,1,Friday,0
245,35,6,3,2,Saturday,0
239,35,3,3,6,Sunday,1
240,35,1,5,7,Monday,1
241,35,3,2,1,Tuesday,1
242,35,5,2,1,Wednesday,1
243,35,4,3,2,Thursday,1
244,35,3,3,4,Friday,1
245,35,6,7,2,Saturday,1
246,36,3,2,5,Sunday,0
247,36,5,7,2,Monday,0
248,36,7,6,1,Tuesday,0
249,36,7,1,3,Wednesday,0
250,36,6,6,1,Thursday,0
251,36,5,5,3,Friday,0
252,36,4,4,3,Saturday,0
246,36,4,4,5,Sunday,1
247,36,1,2,1,Monday,1
248,36,5,1,5,Tuesday,1
249,36,4,1,3,Wednesday,1
250,36,1,7,1,Thursday,1
251,36,1,3,6,Friday,1
252,36,6,4,3,Saturday,1
253,37,7,6,1,Sunday,0
254,37,5,6,5,Monday,0
255,37,1,6,6,Tuesday,0
256,37,1,2,3,Wednesday,0
257,37,6,7,5,Thursday,0
258,37,7,4,5,Friday,0
259,37,1,2,5,Saturday,0
253,37,4,3,1,Sunday,1
254,37,7,5,6,Monday,1
255,37,7,4,2,Tuesday,1
256,37,5,6,1,Wednesday,1
257,37,7,4,5,Thursday,1
258,37,4,4,4,Friday,1
259,37,3,4,2,Saturday,1
260,38,6,4,6,Sunday,0
261,38,1,2,1,Monday,0
262,38,4,2,7,Tuesday,0
263,38,1,5,2,Wednesday,0
264,38,6,4,4,Thursday,0
265,38,1,6,1,Friday,0
266,38,7,1,3,Saturday,0
260,38,5,3,4,Sunday,1
261,38,2,6,4,Monday,1
262,38,7,3,1,Tuesday,1
263,38,2,5,6,Wednesday,1
264,38,3,6,6,Thursday,1
265,38,2,6,4,Friday,1
266,38,5,4,3,Saturday,1
267,39,3,5,1,Sunday,0
268,39,7,2,1,Monday,0
269,39,2,4,5,Tuesday,0
270,39,3,4,3,Wednesday,0
271,39,7,2,2,Thursday,0
272,39,2,6,3,Friday,0
273,39,5,4,6,Saturday,0
267,39,6,6,1,Sunday,1
268,39,4,3,6,Monday,1
269,39,6,6,7,Tuesday,1
270,39,4,2,5,Wednesday,1
271,39,1,2,5,Thursday,1
272,39,4,3,4,Friday,1
273,39,4,6,7,Saturday,1
274,40,3,6,2,Sunday,0
275,40,3,4,4,Monday,0
276,40,4,1,1,Tuesday,0
277,40,1,1,7,Wednesday,0
278,40,5,4,7,Thursday,0
279,40,1,4,7,Friday,0
280,40,2,4,5,Saturday,0
274,40,5,6,2,Sunday,1
275,40,6,6,7,Monday,1
276,40,4,6,3,Tuesday,1
277,40,6,2,6,Wednesday,1
278,40,6,3,7,Thursday,1
279,40,6,1,6,Friday,1
280,40,2,2,6,Saturday,1
281,41,7,4,2,Sunday,0
282,41,5,4,6,Monday,0
283,41,6,3,7,Tuesday,0
284,41,5,2,2,Wednesday,0
285,41,3,6,1,Thursday,0
286,41,1,4,5,Friday,0
287,41,5,7,2,Saturday,0
281,41,5,2,6,Sunday,1
282,41,2,6,2,Monday,1
283,41,7,2,3,Tuesday,1
284,41,1,1,3,Wednesday,1
285,41,7,6,3,Thursday,1
286,41,7,2,3,Friday,1
287,41,2,6,3,Saturday,1
288,42,4,2,1,Sunday,0
289,42,4,4,5,Monday,0
290,42,7,6,4,Tuesday,0
291,42,2,5,2,Wednesday,0
292,42,4,2,2,Thursday,0
293,42,3,4,5,Friday,0
294,42,5,7,2,Saturday,0
288,42,5,5,2,Sunday,1
289,42,7,3,7,Monday,1
290,42,5,1,3,Tuesday,1
291,42,2,3,2,Wednesday,1
292,42,7,2,1,Thursday,1
293,42,6,5,3,Friday,1
294,42,4,7,3,Saturday,1
295,43,6,7,3,Sunday,0
296,43,1,3,4,Monday,0
297,43,2,5,5,Tuesday,0
298,43,6,5,6,Wednesday,0
299,43,1,7,5,Thursday,0
300,43,6,5,1,Friday,0
301,43,5,3,6,Saturday,0
295,43,1,7,2,Sunday,1
296,43,7,5,1,Monday,1
297,43,1,4,7,Tuesday,1
298,43,2,1,7,Wednesday,1
299,43,6,6,6,Thursday,1
300,43,6,6,1,Friday,1
301,43,4,4,3,Saturday,1
302,44,6,4,6,Sunday,0
303,44,3,6,2,Monday,0
304,44,4,7,7,Tuesday,0
305,44,3,6,5,Wednesday,0
306,44,5,5,7,Thursday,0
307,44,1,2,6,Friday,0
308,44,3,1,1,Saturday,0
302,44,6,5,4,Sunday,1
303,44,7,3,2,Monday,1
304,44,6,1,7,Tuesday,1
305,44,1,2,7,Wednesday,1
306,44,4,3,4,Thursday,1
307,44,4,4,6,Friday,1
308,44,7,5,4,Saturday,1
309,45,7,7,2,Sunday,0
310,45,2,2,1,Monday,0
311,45,6,6,5,Tuesday,0
312,45,2,1,3,Wednesday,0
313,45,2,7,6,Thursday,0
314,45,3,4,3,Friday,0
315,45,1,5,7,Saturday,0
309,45,1,3,4,Sunday,1
310,45,6,2,3,Monday,1
311,45,4,5,5,Tuesday,1
312,45,1,4,4,Wednesday,1
313,45,4,7,6,Thursday,1
314,45,2,5,2,Friday,1
315,45,1,1,2,Saturday,1
316,46,2,6,2,Sunday,0
317,46,4,2,4,Monday,0
318,46,5,2,1,Tuesday,0
319,46,3,6,7,Wednesday,0
320,46,5,6,4,Thursday,0
321,46,5,4,7,Friday,0
322,46,6,3,2,Saturday,0
316,46,7,2,5,Sunday,1
317,46,7,5,7,Monday,1
318,46,1,1,6,Tuesday,1
319,46,2,7,5,Wednesday,1
320,46,5,6,4,Thursday,1
321,46,3,2,7,Friday,1
322,46,6,6,4,Saturday,1
323,47,5,5,5,Sunday,0
324,47,4,7,1,Monday,0
325,47,2,4,1,Tuesday,0
326,47,2,3,6,Wednesday,0
327,47,1,2,4,Thursday,0
328,47,4,5,4,Friday,0
329,47,4,4,1,Saturday,0
323,47,2,2,7,Sunday,1
324,47,3,7,7,Monday,1
325,47,1,3,2,Tuesday,1
326,47,7,7,5,Wednesday,1
327,47,6,3,5,Thursday,1
328,47,7,3,5,Friday,1
329,47,7,7,5,Saturday,1
330,48,6,1,4,Sunday,0
331,48,6,4,4,Monday,0
332,48,7,7,5,Tuesday,0
333,48,4,3,2,Wednesday,0
334,48,3,3,4,Thursday,0
335,48,6,1,1,Friday,0
336,48,1,1,2,Saturday,0
330,48,7,2,4,Sunday,1
331,48,1,3,7,Monday,1
332,48,7,4,2,Tuesday,1
333,48,6,5,5,Wednesday,1
334,48,4,4,2,Thursday,1
335,48,3,4,3,Friday,1
336,48,3,1,3,Saturday,1
337,49,5,4,4,Sunday,0
338,49,3,3,1,Monday,0
339,49,1,2,3,Tuesday,0
340,49,5,6,6,Wednesday,0
341,49,3,6,6,Thursday,0
342,49,1,5,2,Friday,0
343,49,5,7,3,Saturday,0
337,49,4,5,6,Sunday,1
338,49,4,7,7,Monday,1
339,49,3,4,5,Tuesday,1
340,49,5,6,1,Wednesday,1
341,49,6,3,5,Thursday,1
342,49,7,6,1,Friday,1
343,49,7,6,3,Saturday,1
344,50,7,1,7,Sunday,0
345,50,6,1,5,Monday,0
346,50,3,2,6,Tuesday,0
347,50,2,6,1,Wednesday,0
348,50,1,1,6,Thursday,0
349,50,6,6,4,Friday,0
350,50,1,6,5,Saturday,0
344,50,5,1,1,Sunday,1
345,50,6,4,4,Monday,1
346,50,1,1,7,Tuesday,1
347,50,2,6,1,Wednesday,1
348,50,7,5,4,Thursday,1
349,50,6,6,6,Friday,1
350,50,2,7,2,Saturday,1
351,51,6,4,7,Sunday,0
352,51,7,6,2,Monday,0
353,51,6,1,7,Tuesday,0
354,51,4,6,1,Wednesday,0
355,51,5,2,1,Thursday,0
356,51,7,1,4,Friday,0
357,51,1,3,1,Saturday,0
351,51,6,1,7,Sunday,1
352,51,7,1,4,Monday,1
353,51,3,7,1,Tuesday,1
354,51,5,7,6,Wednesday,1
355,51,3,7,5,Thursday,1
356,51,1,6,6,Friday,1
357,51,3,2,7,Saturday,1
358,52,1,5,1,Sunday,0
359,52,1,3,3,Monday,0
360,52,4,7,5,Tuesday,0
361,52,2,1,5,Wednesday,0
362,52,2,7,3,Thursday,0
363,52,7,1,5,Friday,0
364,52,5,4,2,Saturday,0
358,52,6,7,7,Sunday,1
359,52,2,2,3,Monday,1
360,52,4,6,3,Tuesday,1
361,52,5,6,1,Wednesday,1
362,52,2,6,4,Thursday,1
363,52,7,7,6,Friday,1
364,52,2,6,7,Saturday,1
365,53,3,4,6,Sunday,0
366,53,2,2,7,Monday,0
367,53,2,1,6,Tuesday,0
368,53,2,5,5,Wednesday,0
369,53,6,2,5,Thursday,0
370,53,1,6,1,Friday,0
371,53,1,1,2,Saturday,0
365,53,3,4,3,Sunday,1
366,53,5,7,2,Monday,1
367,53,7,1,2,Tuesday,1
368,53,6,4,6,Wednesday,1
369,53,2,3,4,Thursday,1
370,53,2,1,7,Friday,1
371,53,3,2,6,Saturday,1
372,54,5,4,2,Sunday,0
373,54,4,3,4,Monday,0
374,54,6,7,1,Tuesday,0
375,54,5,1,6,Wednesday,0
376,54,6,1,7,Thursday,0
377,54,4,5,2,Friday,0
378,54,6,3,1,Saturday,0
372,54,4,3,1,Sunday,1
373,54,7,5,7,Monday,1
374,54,2,7,6,Tuesday,1
375,54,1,6,6,Wednesday,1
376,54,3,6,1,Thursday,1
377,54,1,2,5,Friday,1
378,54,5,1,1,Saturday,1
379,55,1,2,3,Sunday,0
380,55,7,3,3,Monday,0
381,55,4,5,4,Tuesday,0
382,55,5,4,6,Wednesday,0
383,55,6,1,1,Thursday,0
384,55,1,4,6,Friday,0
385,55,5,4,7,Saturday,0
379,55,2,4,3,Sunday,1
380,55,7,3,2,Monday,1
381,55,6,3,4,Tuesday,1
382,55,5,1,2,Wednesday,1
383,55,7,3,2,Thursday,1
384,55,6,7,2,Friday,1
385,55,4,5,2,Saturday,1
386,56,3,4,2,Sunday,0
387,56,1,5,6,Monday,0
388,56,7,1,5,Tuesday,0
389,56,7,1,4,Wednesday,0
390,56,2,7,5,Thursday,0
391,56,1,1,7,Friday,0
392,56,1,5,3,Saturday,0
386,56,1,1,4,Sunday,1
387,56,4,6,5,Monday,1
388,56,7,3,5,Tuesday,1
389,56,4,1,7,Wednesday,1
390,56,6,7,1,Thursday,1
391,56,2,7,6,Friday,1
392,56,4,7,2,Saturday,1
393,57,6,6,1,Sunday,0
394,57,6,5,4,Monday,0
395,57,5,6,6,Tuesday,0
396,57,2,3,7,Wednesday,0
397,57,7,2,3,Thursday,0
398,57,6,4,6,Friday,0
399,57,2,7,6,Saturday,0
393,57,1,3,7,Sunday,1
394,57,5,4,7,Monday,1
395,57,4,6,2,Tuesday,1
396,57,2,4,6,Wednesday,1
397,57,1,2,2,Thursday,1
398,57,3,6,1,Friday,1
399,57,1,3,4,Saturday,1
400,58,6,2,5,Sunday,0
401,58,7,7,5,Monday,0
402,58,5,4,4,Tuesday,0
403,58,7,3,7,Wednesday,0
404,58,4,6,4,Thursday,0
405,58,1,1,2,Friday,0
406,58,5,1,7,Saturday,0
400,58,5,1,7,Sunday,1
401,58,2,6,1,Monday,1
402,58,2,3,5,Tuesday,1
403,58,5,1,5,Wednesday,1
404,58,2,2,1,Thursday,1
405,58,2,6,4,Friday,1
406,58,2,6,3,Saturday,1
407,59,6,3,2,Sunday,0
408,59,6,5,3,Monday,0
409,59,6,3,6,Tuesday,0
410,59,7,4,2,Wednesday,0
411,59,5,1,2,Thursday,0
412,59,6,5,1,Friday,0
413,59,5,4,1,Saturday,0
407,59,6,2,3,Sunday,1
408,59,3,2,4,Monday,1
409,59,3,7,2,Tuesday,1
410,59,5,3,3,Wednesday,1
411,59,4,7,5,Thursday,1
412,59,5,4,2,Friday,1
413,59,5,3,1,Saturday,1
414,60,6,6,5,Sunday,0
415,60,3,4,1,Monday,0
416,60,7,3,2,Tuesday,0
417,60,4,5,2,Wednesday,0
418,60,2,7,1,Thursday,0
419,60,7,3,3,Friday,0
420,60,7,4,3,Saturday,0
414,60,4,2,2,Sunday,1
415,60,6,2,2,Monday,1
416,60,4,2,2,Tuesday,1
417,60,7,7,2,Wednesday,1
418,60,1,7,3,Thursday,1
419,60,5,7,5,Friday,1
420,60,3,4,4,Saturday,1
421,61,1,2,5,Sunday,0
422,61,2,2,7,Monday,0
423,61,4,6,1,Tuesday,0
424,61,6,6,7,Wednesday,0
425,61,5,3,5,Thursday,0
426,61,4,4,3,Friday,0
427,61,7,3,2,Saturday,0
421,61,1,4,6,Sunday,1
422,61,1,2,1,Monday,1
423,61,6,2,3,Tuesday,1
424,61,5,4,7,Wednesday,1
425,61,7,4,7,Thursday,1
426,61,4,5,7,Friday,1
427,61,3,7,3,Saturday,1
428,62,1,1,2,Sunday,0
429,62,2,4,5,Monday,0
430,62,5,2,4,Tuesday,0
431,62,3,4,2,Wednesday,0
432,62,3,1,5,Thursday,0
433,62,7,1,1,Friday,0
434,62,7,6,4,Saturday,0
428,62,5,2,3,Sunday,1
429,62,1,5,7,Monday,1
430,62,6,7,6,Tuesday,1
431,62,4,4,3,Wednesday,1
432,62,6,7,4,Thursday,1
433,62,5,6,5,Friday,1
434,62,3,1,1,Saturday,1
435,63,7,3,7,Sunday,0
436,63,6,5,3,Monday,0
437,63,2,4,5,Tuesday,0
438,63,7,4,2,Wednesday,0
439,63,6,3,7,Thursday,0
440,63,7,2,6,Friday,0
441,63,5,7,2,Saturday,0
435,63,5,7,7,Sunday,1
436,63,6,4,1,Monday,1
437,63,2,3,2,Tuesday,1
438,63,3,4,5,Wednesday,1
439,63,4,5,7,Thursday,1
440,63,3,2,1,Friday,1
441,63,4,4,3,Saturday,1
442,64,2,5,1,Sunday,0
443,64,2,7,4,Monday,0
444,64,5,5,5,Tuesday,0
445,64,6,5,2,Wednesday,0
446,64,6,3,4,Thursday,0
447,64,7,7,1,Friday,0
448,64,3,1,2,Saturday,0
442,64,3,4,7,Sunday,1
443,64,4,3,5,Monday,1
444,64,7,4,7,Tuesday,1
445,64,6,2,4,Wednesday,1
446,64,6,3,2,Thursday,1
447,64,7,5,4,Friday,1
448,64,4,4,5,Saturday,1
449,65,5,4,6,Sunday,0
450,65,4,6,3,Monday,0
451,65,4,3,2,Tuesday,0
452,65,7,2,3,Wednesday,0
453,65,2,7,1,Thursday,0
454,65,1,5,5,Friday,0
455,65,6,5,1,Saturday,0
449,65,5,1,4,Sunday,1
450,65,6,7,7,Monday,1
451,65,2,1,3,Tuesday,1
452,65,4,6,4,Wednesday,1
453,65,5,5,7,Thursday,1
454,65,1,1,4,Friday,1
455,65,3,4,2,Saturday,1
456,66,6,6,7,Sunday,0
457,66,1,5,4,Monday,0
458,66,2,6,1,Tuesday,0
459,66,7,5,7,Wednesday,0
460,66,4,7,4,Thursday,0
461,66,3,6,6,Friday,0
462,66,3,2,2,Saturday,0
456,66,7,4,4,Sunday,1
457,66,6,5,2,Monday,1
458,66,2,7,4,Tuesday,1
459,66,1,4,1,Wednesday,1
460,66,7,7,2,Thursday,1
461,66,5,5,3,Friday,1
462,66,4,1,2,Saturday,1
463,67,3,5,1,Sunday,0
464,67,5,1,5,Monday,0
465,67,4,6,3,Tuesday,0
466,67,6,7,2,Wednesday,0
467,67,1,7,3,Thursday,0
468,67,4,2,1,Friday,0
469,67,2,7,7,Saturday,0
463,67,4,6,2,Sunday,1
464,67,6,5,1,Monday,1
465,67,2,5,1,Tuesday,1
466,67,4,7,2,Wednesday,1
467,67,1,4,6,Thursday,1
468,67,4,2,4,Friday,1
469,67,4,6,1,Saturday,1
470,68,2,3,4,Sunday,0
471,68,6,7,1,Monday,0
472,68,7,2,4,Tuesday,0
473,68,3,2,1,Wednesday,0
474,68,3,7,6,Thursday,0
475,68,6,7,4,Friday,0
476,68,5,2,1,Saturday,0
470,68,2,3,1,Sunday,1
471,68,1,7,3,Monday,1
472,68,4,7,1,Tuesday,1
473,68,4,5,2,Wednesday,1
474,68,6,2,4,Thursday,1
475,68,5,7,6,Friday,1
476,68,1,3,4,Saturday,1
477,69,4,1,5,Sunday,0
478,69,2,5,5,Monday,0
479,69,1,5,3,Tuesday,0
480,69,1,7,4,Wednesday,0
481,69,7,7,1,Thursday,0
482,69,4,6,7,Friday,0
483,69,5,3,2,Saturday,0
477,69,4,6,5,Sunday,1
478,69,7,5,5,Monday,1
479,69,3,2,7,Tuesday,1
480,69,5,4,7,Wednesday,1
481,69,5,5,2,Thursday,1
482,69,4,7,3,Friday,1
483,69,5,4,3,Saturday,1
484,70,6,3,6,Sunday,0
485,70,5,6,2,Monday,0
486,70,4,1,2,Tuesday,0
487,70,7,3,7,Wednesday,0
488,70,3,1,2,Thursday,0
489,70,1,2,1,Friday,0
490,70,1,6,4,Saturday,0
484,70,3,3,3,Sunday,1
485,70,5,3,3,Monday,1
486,70,6,1,7,Tuesday,1
487,70,5,1,6,Wednesday,1
488,70,7,6,4,Thursday,1
489,70,6,3,6,Friday,1
490,70,4,6,1,Saturday,1
491,71,6,6,1,Sunday,0
492,71,7,2,5,Monday,0
493,71,7,3,5,Tuesday,0
494,71,2,5,6,Wednesday,0
495,71,6,3,7,Thursday,0
496,71,3,7,3,Friday,0
497,71,7,5,1,Saturday,0
491,71,2,2,3,Sunday,1
492,71,1,4,3,Monday,1
493,71,6,2,7,Tuesday,1
494,71,2,5,7,Wednesday,1
495,71,4,5,5,Thursday,1
496,71,2,5,2,Friday,1
497,71,5,7,5,Saturday,1
498,72,2,3,3,Sunday,0
499,72,1,1,3,Monday,0
500,72,4,4,3,Tuesday,0
501,72,4,4,2,Wednesday,0
502,72,1,4,4,Thursday,0
503,72,6,6,6,Friday,0
504,72,2,1,2,Saturday,0
498,72,6,7,1,Sunday,1
499,72,7,3,5,Monday,1
500,72,3,1,3,Tuesday,1
501,72,2,2,6,Wednesday,1
502,72,3,7,7,Thursday,1
503,72,7,1,3,Friday,1
504,72,1,2,5,Saturday,1
505,73,5,6,1,Sunday,0
506,73,6,3,2,Monday,0
507,73,1,4,7,Tuesday,0
508,73,3,4,6,Wednesday,0
509,73,3,4,3,Thursday,0
510,73,3,2,6,Friday,0
511,73,5,2,4,Saturday,0
505,73,1,3,3,Sunday,1
506,73,3,5,4,Monday,1
507,73,5,6,6,Tuesday,1
508,73,4,2,7,Wednesday,1
509,73,5,2,2,Thursday,1
510,73,1,1,7,Friday,1
511,73,4,3,4,Saturday,1
512,74,3,6,5,Sunday,0
513,74,7,7,4,Monday,0
514,74,5,5,6,Tuesday,0
515,74,5,3,1,Wednesday,0
516,74,2,4,4,Thursday,0
517,74,6,3,6,Friday,0
518,74,5,4,5,Saturday,0
512,74,1,7,3,Sunday,1
513,74,7,6,3,Monday,1
514,74,1,3,1,Tuesday,1
515,74,6,2,7,Wednesday,1
516,74,7,5,5,Thursday,1
517,74,5,3,6,Friday,1
518,74,1,1,2,Saturday,1
519,75,7,6,7,Sunday,0
520,75,6,3,5,Monday,0
521,75,6,2,6,Tuesday,0
522,75,2,7,7,Wednesday,0
523,75,7,3,6,Thursday,0
524,75,3,1,1,Friday,0
525,75,1,4,2,Saturday,0
519,75,6,6,1,Sunday,1
520,75,2,3,7,Monday,1
521,75,7,1,7,Tuesday,1
522,75,7,5,3,Wednesday,1
523,75,4,2,1,Thursday,1
524,75,4,1,3,Friday,1
525,75,6,3,1,Saturday,1
526,76,3,4,3,Sunday,0
527,76,1,7,2,Monday,0
528,76,6,3,3,Tuesday,0
529,76,5,7,4,Wednesday,0
530,76,7,1,1,Thursday,0
531,76,6,5,1,Friday,0
532,76,5,7,1,Saturday,0
526,76,6,2,2,Sunday,1
527,76,4,3,2,Monday,1
528,76,5,7,7,Tuesday,1
529,76,6,3,1,Wednesday,1
530,76,2,4,2,Thursday,1
531,76,6,2,3,Friday,1
532,76,5,1,6,Saturday,1
533,77,5,3,6,Sunday,0
534,77,7,4,1,Monday,0
535,77,1,5,4,Tuesday,0
536,77,2,1,4,Wednesday,0
537,77,7,4,2,Thursday,0
538,77,1,4,5,Friday,0
539,77,1,2,3,Saturday,0
533,77,3,6,4,Sunday,1
534,77,3,6,5,Monday,1
535,77,6,7,4,Tuesday,1
536,77,6,7,6,Wednesday,1
537,77,3,2,7,Thursday,1
538,77,4,4,7,Friday,1
539,77,1,4,2,Saturday,1
540,78,4,4,2,Sunday,0
541,78,5,2,1,Monday,0
542,78,1,6,5,Tuesday,0
543,78,6,4,7,Wednesday,0
544,78,3,2,4,Thursday,0
545,78,2,4,6,Friday,0
546,78,3,3,6,Saturday,0
540,78,1,4,2,Sunday,1
541,78,5,5,2,Monday,1
542,78,3,4,1,Tuesday,1
543,78,6,1,5,Wednesday,1
544,78,2,7,3,Thursday,1
545,78,3,6,4,Friday,1
546,78,5,6,2,Saturday,1
547,79,7,1,4,Sunday,0
548,79,7,7,1,Monday,0
549,79,3,3,1,Tuesday,0
550,79,1,6,2,Wednesday,0
551,79,3,4,1,Thursday,0
552,79,1,1,5,Friday,0
553,79,6,5,2,Saturday,0
547,79,5,1,4,Sunday,1
548,79,2,2,2,Monday,1
549,79,2,7,6,Tuesday,1
550,79,3,6,5,Wednesday,1
551,79,5,1,3,Thursday,1
552,79,5,5,6,Friday,1
553,79,2,1,2,Saturday,1
554,80,7,5,3,Sunday,0
555,80,4,6,4,Monday,0
556,80,3,2,5,Tuesday,0
557,80,7,6,1,Wednesday,0
558,80,7,3,1,Thursday,0
559,80,7,6,6,Friday,0
560,80,6,2,3,Saturday,0
554,80,3,5,1,Sunday,1
555,80,5,6,3,Monday,1
556,80,5,3,3,Tuesday,1
557,80,6,5,5,Wednesday,1
558,80,1,5,3,Thursday,1
559,80,2,5,3,Friday,1
560,80,6,6,5,Saturday,1
561,81,1,4,7,Sunday,0
562,81,4,5,6,Monday,0
563,81,3,6,7,Tuesday,0
564,81,1,3,6,Wednesday,0
565,81,6,5,1,Thursday,0
566,81,3,7,1,Friday,0
567,81,2,6,6,Saturday,0
561,81,2,1,2,Sunday,1
562,81,4,6,5,Monday,1
563,81,6,5,1,Tuesday,1
564,81,4,7,3,Wednesday,1
565,81,5,2,2,Thursday,1
566,81,1,1,2,Friday,1
567,81,4,2,5,Saturday,1
568,82,4,6,2,Sunday,0
569,82,6,3,1,Monday,0
570,82,2,7,6,Tuesday,0
571,82,2,5,1,Wednesday,0
572,82,7,6,4,Thursday,0
573,82,5,7,7,Friday,0
574,82,2,5,1,Saturday,0
568,82,6,4,4,Sunday,1
569,82,4,1,3,Monday,1
570,82,7,2,6,Tuesday,1
571,82,7,5,4,Wednesday,1
572,82,2,6,2,Thursday,1
573,82,7,6,4,Friday,1
574,82,4,4,6,Saturday,1
575,83,2,2,3,Sunday,0
576,83,2,6,4,Monday,0
577,83,5,4,2,Tuesday,0
578,83,2,2,5,Wednesday,0
579,83,4,5,2,Thursday,0
580,83,6,2,2,Friday,0
581,83,6,3,6,Saturday,0
575,83,7,3,7,Sunday,1
576,83,5,5,1,Monday,1
577,83,2,5,2,Tuesday,1
578,83,3,5,1,Wednesday,1
579,83,3,5,3,Thursday,1
580,83,1,2,2,Friday,1
581,83,7,2,5,Saturday,1
582,84,5,5,4,Sunday,0
583,84,6,5,1,Monday,0
584,84,7,2,4,Tuesday,0
585,84,2,6,2,Wednesday,0
586,84,1,2,6,Thursday,0
587,84,3,5,2,Friday,0
588,84,3,4,6,Saturday,0
582,84,7,6,4,Sunday,1
583,84,4,2,1,Monday,1
584,84,7,5,1,Tuesday,1
585,84,1,7,2,Wednesday,1
586,84,1,3,6,Thursday,1
587,84,4,6,7,Friday,1
588,84,7,2,4,Saturday,1
589,85,5,2,7,Sunday,0
590,85,7,3,3,Monday,0
591,85,5,5,5,Tuesday,0
592,85,1,4,5,Wednesday,0
593,85,7,5,6,Thursday,0
594,85,7,3,4,Friday,0
595,85,7,1,4,Saturday,0
589,85,4,2,7,Sunday,1
590,85,1,7,7,Monday,1
591,85,7,7,6,Tuesday,1
592,85,2,4,2,Wednesday,1
593,85,3,3,5,Thursday,1
594,85,5,4,7,Friday,1
595,85,6,2,1,Saturday,1
596,86,4,7,4,Sunday,0
597,86,4,1,5,Monday,0
598,86,1,4,4,Tuesday,0
599,86,4,1,1,Wednesday,0
600,86,1,2,7,Thursday,0
601,86,1,7,3,Friday,0
602,86,3,6,6,Saturday,0
596,86,6,7,1,Sunday,1
597,86,4,5,3,Monday,1
598,86,1,3,6,Tuesday,1
599,86,4,2,7,Wednesday,1
600,86,4,1,2,Thursday,1
601,86,3,4,6,Friday,1
602,86,2,7,4,Saturday,1
603,87,2,5,3,Sunday,0
604,87,2,2,1,Monday,0
605,87,5,5,5,Tuesday,0
606,87,5,3,4,Wednesday,0
607,87,3,5,1,Thursday,0
608,87,3,7,4,Friday,0
609,87,3,7,2,Saturday,0
603,87,6,7,7,Sunday,1
604,87,2,4,2,Monday,1
605,87,6,5,3,Tuesday,1
606,87,4,2,6,Wednesday,1
607,87,2,4,2,Thursday,1
608,87,5,3,3,Friday,1
609,87,2,3,6,Saturday,1
610,88,2,7,6,Sunday,0
611,88,3,2,3,Monday,0
612,88,2,7,5,Tuesday,0
613,88,3,6,7,Wednesday,0
614,88,2,4,5,Thursday,0
615,88,4,7,6,Friday,0
616,88,7,7,7,Saturday,0
610,88,2,1,2,Sunday,1
611,88,5,1,1,Monday,1
612,88,6,6,5,Tuesday,1
613,88,2,2,4,Wednesday,1
614,88,4,5,1,Thursday,1
615,88,1,6,3,Friday,1
616,88,6,5,5,Saturday,1
617,89,6,2,3,Sunday,0
618,89,7,7,1,Monday,0
619,89,4,1,3,Tuesday,0
620,89,5,2,4,Wednesday,0
621,89,6,7,7,Thursday,0
622,89,4,6,1,Friday,0
623,89,3,3,2,Saturday,0
617,89,7,2,5,Sunday,1
618,89,3,6,7,Monday,1
619,89,5,4,2,Tuesday,1
620,89,3,1,3,Wednesday,1
621,89,3,3,6,Thursday,1
622,89,7,5,1,Friday,1
623,89,1,3,6,Saturday,1
624,90,3,4,7,Sunday,0
625,90,1,5,5,Monday,0
626,90,1,5,1,Tuesday,0
627,90,3,4,2,Wednesday,0
628,90,4,7,1,Thursday,0
629,90,6,5,2,Friday,0
630,90,2,7,5,Saturday,0
624,90,2,3,1,Sunday,1
625,90,2,4,5,Monday,1
626,90,1,5,1,Tuesday,1
627,90,1,3,1,Wednesday,1
628,90,4,5,5,Thursday,1
629,90,6,2,1,Friday,1
630,90,2,4,7,Saturday,1
631,91,1,7,5,Sunday,0
632,91,1,7,3,Monday,0
633,91,6,2,1,Tuesday,0
634,91,6,7,4,Wednesday,0
635,91,1,1,2,Thursday,0
636,91,6,7,2,Friday,0
637,91,7,1,7,Saturday,0
631,91,7,2,2,Sunday,1
632,91,2,1,3,Monday,1
633,91,3,1,3,Tuesday,1
634,91,1,7,3,Wednesday,1
635,91,6,1,3,Thursday,1
636,91,4,1,5,Friday,1
637,91,2,3,4,Saturday,1
638,92,1,2,4,Sunday,0
639,92,4,3,4,Monday,0
640,92,4,7,3,Tuesday,0
641,92,7,2,4,Wednesday,0
642,92,7,2,5,Thursday,0
643,92,4,6,7,Friday,0
644,92,1,3,2,Saturday,0
638,92,6,6,7,Sunday,1
639,92,2,3,7,Monday,1
640,92,6,3,6,Tuesday,1
641,92,5,6,5,Wednesday,1
642,92,3,7,1,Thursday,1
643,92,6,5,5,Friday,1
644,92,7,7,1,Saturday,1
645,93,7,2,5,Sunday,0
646,93,6,6,7,Monday,0
647,93,5,7,3,Tuesday,0
648,93,5,2,7,Wednesday,0
649,93,3,3,3,Thursday,0
650,93,4,3,7,Friday,0
651,93,4,5,5,Saturday,0
645,93,5,2,4,Sunday,1
646,93,7,4,2,Monday,1
647,93,5,6,1,Tuesday,1
648,93,2,2,4,Wednesday,1
649,93,1,6,4,Thursday,1
650,93,2,3,5,Friday,1
651,93,1,2,3,Saturday,1
652,94,4,7,4,Sunday,0
653,94,6,1,5,Monday,0
654,94,5,2,3,Tuesday,0
655,94,6,3,2,Wednesday,0
656,94,4,2,1,Thursday,0
657,94,2,7,2,Friday,0
658,94,5,1,2,Saturday,0
652,94,2,4,1,Sunday,1
653,94,4,3,4,Monday,1
654,94,7,3,7,Tuesday,1
655,94,3,3,4,Wednesday,1
656,94,2,2,2,Thursday,1
657,94,7,1,4,Friday,1
658,94,5,7,4,Saturday,1
659,95,6,3,6,Sunday,0
660,95,2,5,4,Monday,0
661,95,4,7,4,Tuesday,0
662,95,3,3,2,Wednesday,0
663,95,2,2,3,Thursday,0
664,95,4,3,6,Friday,0
665,95,2,6,7,Saturday,0
659,95,3,4,7,Sunday,1
660,95,6,2,1,Monday,1
661,95,6,3,6,Tuesday,1
662,95,5,1,1,Wednesday,1
663,95,5,4,2,Thursday,1
664,95,2,2,5,Friday,1
665,95,7,3,3,Saturday,1
666,96,4,7,1,Sunday,0
667,96,3,1,1,Monday,0
668,96,6,3,6,Tuesday,0
669,96,6,3,2,Wednesday,0
670,96,5,4,7,Thursday,0
671,96,6,4,4,Friday,0
672,96,4,6,5,Saturday,0
666,96,6,5,2,Sunday,1
667,96,1,4,6,Monday,1
668,96,2,3,1,Tuesday,1
669,96,1,2,3,Wednesday,1
670,96,4,7,4,Thursday,1
671,96,7,4,1,Friday,1
672,96,7,7,7,Saturday,1
673,97,1,6,6,Sunday,0
674,97,7,1,7,Monday,0
675,97,2,3,6,Tuesday,0
676,97,2,4,5,Wednesday,0
677,97,5,5,2,Thursday,0
678,97,7,2,5,Friday,0
679,97,2,5,1,Saturday,0
673,97,5,6,2,Sunday,1
674,97,6,1,4,Monday,1
675,97,3,7,7,Tuesday,1
676,97,4,4,6,Wednesday,1
677,97,6,6,6,Thursday,1
678,97,4,2,3,Friday,1
679,97,6,7,7,Saturday,1
680,98,3,7,6,Sunday,0
681,98,6,7,2,Monday,0
682,98,2,1,2,Tuesday,0
683,98,3,6,3,Wednesday,0
684,98,7,3,1,Thursday,0
685,98,4,2,7,Friday,0
686,98,3,7,4,Saturday,0
680,98,6,6,7,Sunday,1
681,98,7,7,7,Monday,1
682,98,3,3,1,Tuesday,1
683,98,2,4,5,Wednesday,1
684,98,1,3,6,Thursday,1
685,98,3,1,2,Friday,1
686,98,3,2,7,Saturday,1
687,99,5,1,6,Sunday,0
688,99,3,6,4,Monday,0
689,99,6,7,7,Tuesday,0
690,99,4,3,1,Wednesday,0
691,99,3,4,2,Thursday,0
692,99,7,6,7,Friday,0
693,99,2,6,5,Saturday,0
687,99,2,1,3,Sunday,1
688,99,6,6,7,Monday,1
689,99,2,1,1,Tuesday,1
690,99,6,1,6,Wednesday,1
691,99,5,2,5,Thursday,1
692,99,2,4,1,Friday,1
693,99,4,5,3,Saturday,1
694,100,1,6,1,Sunday,0
695,100,4,5,7,Monday,0
696,100,5,4,2,Tuesday,0
697,100,2,1,3,Wednesday,0
698,100,2,4,7,Thursday,0
699,100,4,5,1,Friday,0
700,100,4,4,7,Saturday,0
694,100,7,5,3,Sunday,1
695,100,3,6,3,Monday,1
696,100,4,6,3,Tuesday,1
697,100,7,6,2,Wednesday,1
698,100,2,1,3,Thursday,1
699,100,3,2,1,Friday,1
700,100,1,5,4,Saturday,1